Date,Day,SKU,City,Volume,BU,Brand,Model,Avg Price,Total Sales Value,Discount Rate (%),Discount Amount,Net Sales Value
1/4/2021,Thursday,M01,C,15,Mobiles,RealU,RU-10,12100,181500,11.65482029,21153.49882,160346.5012
1/4/2021,Thursday,M02,C,10,Mobiles,RealU,RU-9 Plus,10100,101000,11.56049798,11676.10296,89323.89704
1/4/2021,Thursday,M03,C,7,Mobiles,YouM,YM-99,16100,112700,9.456885676,10657.91016,102042.0898
1/4/2021,Thursday,M04,C,6,Mobiles,YouM,YM-99 Plus,20100,120600,6.935385325,8364.074702,112235.9253
1/4/2021,Thursday,M05,C,3,Mobiles,YouM,YM-98 ,8100,24300,17.9956635,4372.94623,19927.05377
1/4/2021,Thursday,M06,C,3,Mobiles,RealU,RU-9,8100,24300,16.99648891,4130.146805,20169.85319
1/4/2021,Thursday,M07,C,3,Mobiles,Sumsang,S-20,49100,147300,9.228811758,13594.03972,133705.9603
1/4/2021,Thursday,M08,C,2,Mobiles,Sumsang,S-21,54100,108200,5.553719336,6009.124321,102190.8757
1/4/2021,Thursday,M09,C,2,Mobiles,Orange,O-10,55100,110200,7.410104486,8165.935144,102034.0649
1/4/2021,Thursday,M10,C,3,Mobiles,Orange,O-11,60100,180300,9.928443557,17900.98373,162399.0163
1/4/2021,Thursday,F01,C,13,FMCG,Babaji,Babaji Oil ,400,5200,18.86924165,981.2005658,4218.799434
1/4/2021,Thursday,F02,C,4,FMCG,Vedic,Vedic Cream,300,1200,16.57831584,198.9397901,1001.06021
1/4/2021,Thursday,F03,C,4,FMCG,Vedic,Vedic Shampoo,390,1560,18.1594081,283.2867664,1276.713234
1/4/2021,Thursday,F04,C,9,FMCG,Babaji,Babaji Shampoo,465,4185,18.50950766,774.6228956,3410.377104
1/4/2021,Thursday,F05,C,5,FMCG,Babaji,Babaji Cream,290,1450,15.51659059,224.9905635,1225.009436
1/4/2021,Thursday,F06,C,5,FMCG,Vedic,Vedic Oil,450,2250,18.12092836,407.7208881,1842.279112
1/4/2021,Thursday,F07,C,3,FMCG,Gear,Gear Oil,500,1500,18.1148706,271.723059,1228.276941
1/4/2021,Thursday,F08,C,3,FMCG,Gear,Gear Cream,400,1200,17.50696721,210.0836066,989.9163934
1/4/2021,Thursday,F09,C,1,FMCG,Gear,Gear Shampoo,560,560,16.72306453,93.64916136,466.3508386
1/4/2021,Thursday,F10,C,4,FMCG,Gear,Gear BB Cream,1099,4396,16.73595369,735.712524,3660.287476
1/4/2021,Thursday,L01,C,10,Lifestyle,Jeera,M- T Shirts,450,4500,19.52748279,878.7367257,3621.263274
1/4/2021,Thursday,L02,C,8,Lifestyle,Jeera,M- Inners,500,4000,19.19432327,767.7729307,3232.227069
1/4/2021,Thursday,L03,C,7,Lifestyle,Viva,W-Casuals,900,6300,18.06086733,1137.834642,5162.165358
1/4/2021,Thursday,L04,C,5,Lifestyle,Viva,W-Inners,1300,6500,18.70696234,1215.952552,5284.047448
1/4/2021,Thursday,L05,C,5,Lifestyle,Jeera,M-Jeans,2099,10495,19.93859957,2092.556025,8402.443975
1/4/2021,Thursday,L06,C,4,Lifestyle,Jeera,M-Casuals,1300,5200,18.84207796,979.7880541,4220.211946
1/4/2021,Thursday,L07,C,5,Lifestyle,Viva,W-Western,2600,13000,15.22271398,1978.952817,11021.04718
1/4/2021,Thursday,L08,C,3,Lifestyle,Viva,W-Lounge,1600,4800,19.6070123,941.1365906,3858.863409
1/4/2021,Thursday,L09,C,1,Lifestyle,Jeera,M-Formals,1900,1900,16.6685375,316.7022126,1583.297787
1/4/2021,Thursday,L10,C,3,Lifestyle,Jeera,M-Shoes,3100,9300,16.57721546,1541.681038,7758.318962
2/4/2021,Friday,M01,C,11,Mobiles,RealU,RU-10,12100,133100,13.10714037,17445.60383,115654.3962
2/4/2021,Friday,M02,C,8,Mobiles,RealU,RU-9 Plus,10100,80800,11.4637095,9262.677273,71537.32273
2/4/2021,Friday,M03,C,7,Mobiles,YouM,YM-99,16100,112700,9.816115051,11062.76166,101637.2383
2/4/2021,Friday,M04,C,6,Mobiles,YouM,YM-99 Plus,20100,120600,6.214888202,7495.155171,113104.8448
2/4/2021,Friday,M05,C,2,Mobiles,YouM,YM-98 ,8100,16200,18.73516928,3035.097424,13164.90258
2/4/2021,Friday,M06,C,3,Mobiles,RealU,RU-9,8100,24300,17.98854165,4371.215622,19928.78438
2/4/2021,Friday,M07,C,3,Mobiles,Sumsang,S-20,49100,147300,5.252112549,7736.361785,139563.6382
2/4/2021,Friday,M08,C,1,Mobiles,Sumsang,S-21,54100,54100,9.238957339,4998.27592,49101.72408
2/4/2021,Friday,M09,C,3,Mobiles,Orange,O-10,55100,165300,8.440205804,13951.66019,151348.3398
2/4/2021,Friday,M10,C,3,Mobiles,Orange,O-11,60100,180300,9.087093183,16384.02901,163915.971
2/4/2021,Friday,F01,C,29,FMCG,Babaji,Babaji Oil ,400,11600,19.68807393,2283.816576,9316.183424
2/4/2021,Friday,F02,C,8,FMCG,Vedic,Vedic Cream,300,2400,16.22140072,389.3136172,2010.686383
2/4/2021,Friday,F03,C,6,FMCG,Vedic,Vedic Shampoo,390,2340,18.06294988,422.6730272,1917.326973
2/4/2021,Friday,F04,C,9,FMCG,Babaji,Babaji Shampoo,465,4185,17.30065136,724.0322596,3460.96774
2/4/2021,Friday,F05,C,7,FMCG,Babaji,Babaji Cream,290,2030,17.29675302,351.1240863,1678.875914
2/4/2021,Friday,F06,C,3,FMCG,Vedic,Vedic Oil,450,1350,15.99920611,215.9892825,1134.010718
2/4/2021,Friday,F07,C,3,FMCG,Gear,Gear Oil,500,1500,18.51911043,277.7866565,1222.213343
2/4/2021,Friday,F08,C,1,FMCG,Gear,Gear Cream,400,400,17.29448557,69.17794229,330.8220577
2/4/2021,Friday,F09,C,2,FMCG,Gear,Gear Shampoo,560,1120,15.9705749,178.8704388,941.1295612
2/4/2021,Friday,F10,C,3,FMCG,Gear,Gear BB Cream,1099,3297,18.4648665,608.7866486,2688.213351
2/4/2021,Friday,L01,C,13,Lifestyle,Jeera,M- T Shirts,450,5850,17.68346639,1034.482784,4815.517216
2/4/2021,Friday,L02,C,3,Lifestyle,Jeera,M- Inners,500,1500,15.34890186,230.2335279,1269.766472
2/4/2021,Friday,L03,C,4,Lifestyle,Viva,W-Casuals,900,3600,16.50774318,594.2787546,3005.721245
2/4/2021,Friday,L04,C,6,Lifestyle,Viva,W-Inners,1300,7800,18.00700009,1404.546007,6395.453993
2/4/2021,Friday,L05,C,7,Lifestyle,Jeera,M-Jeans,2099,14693,18.11426211,2661.528532,12031.47147
2/4/2021,Friday,L06,C,6,Lifestyle,Jeera,M-Casuals,1300,7800,15.46512976,1206.280122,6593.719878
2/4/2021,Friday,L07,C,4,Lifestyle,Viva,W-Western,2600,10400,18.01701775,1873.769847,8526.230153
2/4/2021,Friday,L08,C,3,Lifestyle,Viva,W-Lounge,1600,4800,16.36102237,785.3290736,4014.670926
2/4/2021,Friday,L09,C,1,Lifestyle,Jeera,M-Formals,1900,1900,18.39585554,349.5212553,1550.478745
2/4/2021,Friday,L10,C,2,Lifestyle,Jeera,M-Shoes,3100,6200,17.00475069,1054.294543,5145.705457
3/4/2021,Saturday,M01,C,5,Mobiles,RealU,RU-10,12100,60500,10.8728056,6578.047386,53921.95261
3/4/2021,Saturday,M02,C,5,Mobiles,RealU,RU-9 Plus,10100,50500,10.92443831,5516.841344,44983.15866
3/4/2021,Saturday,M03,C,5,Mobiles,YouM,YM-99,16100,80500,8.66804132,6977.773263,73522.22674
3/4/2021,Saturday,M04,C,5,Mobiles,YouM,YM-99 Plus,20100,100500,9.153949565,9199.719313,91300.28069
3/4/2021,Saturday,M05,C,4,Mobiles,YouM,YM-98 ,8100,32400,17.14675853,5555.549764,26844.45024
3/4/2021,Saturday,M06,C,2,Mobiles,RealU,RU-9,8100,16200,18.53189269,3002.166616,13197.83338
3/4/2021,Saturday,M07,C,4,Mobiles,Sumsang,S-20,49100,196400,8.601079914,16892.52095,179507.479
3/4/2021,Saturday,M08,C,1,Mobiles,Sumsang,S-21,54100,54100,7.621790958,4123.388908,49976.61109
3/4/2021,Saturday,M09,C,1,Mobiles,Orange,O-10,55100,55100,8.907134381,4907.831044,50192.16896
3/4/2021,Saturday,M10,C,2,Mobiles,Orange,O-11,60100,120200,5.007822189,6019.402271,114180.5977
3/4/2021,Saturday,F01,C,24,FMCG,Babaji,Babaji Oil ,400,9600,17.05029676,1636.828489,7963.171511
3/4/2021,Saturday,F02,C,14,FMCG,Vedic,Vedic Cream,300,4200,16.98864526,713.5231011,3486.476899
3/4/2021,Saturday,F03,C,4,FMCG,Vedic,Vedic Shampoo,390,1560,19.27606884,300.7066739,1259.293326
3/4/2021,Saturday,F04,C,6,FMCG,Babaji,Babaji Shampoo,465,2790,17.94387704,500.6341694,2289.365831
3/4/2021,Saturday,F05,C,6,FMCG,Babaji,Babaji Cream,290,1740,18.18516737,316.4219122,1423.578088
3/4/2021,Saturday,F06,C,6,FMCG,Vedic,Vedic Oil,450,2700,19.88747924,536.9619394,2163.038061
3/4/2021,Saturday,F07,C,5,FMCG,Gear,Gear Oil,500,2500,17.81192489,445.2981222,2054.701878
3/4/2021,Saturday,F08,C,3,FMCG,Gear,Gear Cream,400,1200,18.7038447,224.4461364,975.5538636
3/4/2021,Saturday,F09,C,2,FMCG,Gear,Gear Shampoo,560,1120,17.25338589,193.2379219,926.7620781
3/4/2021,Saturday,F10,C,4,FMCG,Gear,Gear BB Cream,1099,4396,16.94607826,744.9496004,3651.0504
3/4/2021,Saturday,L01,C,12,Lifestyle,Jeera,M- T Shirts,450,5400,19.18987071,1036.253018,4363.746982
3/4/2021,Saturday,L02,C,9,Lifestyle,Jeera,M- Inners,500,4500,17.36132208,781.2594937,3718.740506
3/4/2021,Saturday,L03,C,5,Lifestyle,Viva,W-Casuals,900,4500,16.02048658,720.9218962,3779.078104
3/4/2021,Saturday,L04,C,5,Lifestyle,Viva,W-Inners,1300,6500,19.35793428,1258.265728,5241.734272
3/4/2021,Saturday,L05,C,3,Lifestyle,Jeera,M-Jeans,2099,6297,15.23473293,959.3311324,5337.668868
3/4/2021,Saturday,L06,C,3,Lifestyle,Jeera,M-Casuals,1300,3900,18.60252597,725.4985128,3174.501487
3/4/2021,Saturday,L07,C,6,Lifestyle,Viva,W-Western,2600,15600,17.4064832,2715.411379,12884.58862
3/4/2021,Saturday,L08,C,3,Lifestyle,Viva,W-Lounge,1600,4800,18.33391371,880.0278583,3919.972142
3/4/2021,Saturday,L09,C,3,Lifestyle,Jeera,M-Formals,1900,5700,15.98016919,910.8696438,4789.130356
3/4/2021,Saturday,L10,C,1,Lifestyle,Jeera,M-Shoes,3100,3100,15.4440625,478.7659375,2621.234063
4/4/2021,Sunday,M01,C,9,Mobiles,RealU,RU-10,12100,108900,13.97120599,15214.64332,93685.35668
4/4/2021,Sunday,M02,C,9,Mobiles,RealU,RU-9 Plus,10100,90900,12.4546565,11321.28276,79578.71724
4/4/2021,Sunday,M03,C,3,Mobiles,YouM,YM-99,16100,48300,8.417729658,4065.763425,44234.23658
4/4/2021,Sunday,M04,C,6,Mobiles,YouM,YM-99 Plus,20100,120600,5.870670938,7080.029151,113519.9708
4/4/2021,Sunday,M05,C,3,Mobiles,YouM,YM-98 ,8100,24300,16.78933964,4079.809533,20220.19047
4/4/2021,Sunday,M06,C,2,Mobiles,RealU,RU-9,8100,16200,15.77608924,2555.726457,13644.27354
4/4/2021,Sunday,M07,C,3,Mobiles,Sumsang,S-20,49100,147300,8.569248919,12622.50366,134677.4963
4/4/2021,Sunday,M08,C,2,Mobiles,Sumsang,S-21,54100,108200,7.823773919,8465.323381,99734.67662
4/4/2021,Sunday,M09,C,2,Mobiles,Orange,O-10,55100,110200,6.710453536,7394.919797,102805.0802
4/4/2021,Sunday,M10,C,2,Mobiles,Orange,O-11,60100,120200,6.09520144,7326.432131,112873.5679
4/4/2021,Sunday,F01,C,25,FMCG,Babaji,Babaji Oil ,400,10000,17.93227484,1793.227484,8206.772516
4/4/2021,Sunday,F02,C,15,FMCG,Vedic,Vedic Cream,300,4500,17.2169435,774.7624577,3725.237542
4/4/2021,Sunday,F03,C,11,FMCG,Vedic,Vedic Shampoo,390,4290,16.5301158,709.1419678,3580.858032
4/4/2021,Sunday,F04,C,7,FMCG,Babaji,Babaji Shampoo,465,3255,15.2517299,496.4438083,2758.556192
4/4/2021,Sunday,F05,C,6,FMCG,Babaji,Babaji Cream,290,1740,16.44014451,286.0585145,1453.941486
4/4/2021,Sunday,F06,C,4,FMCG,Vedic,Vedic Oil,450,1800,16.45459055,296.1826298,1503.81737
4/4/2021,Sunday,F07,C,4,FMCG,Gear,Gear Oil,500,2000,19.68043913,393.6087825,1606.391217
4/4/2021,Sunday,F08,C,4,FMCG,Gear,Gear Cream,400,1600,16.0906373,257.4501968,1342.549803
4/4/2021,Sunday,F09,C,3,FMCG,Gear,Gear Shampoo,560,1680,17.39993098,292.3188404,1387.68116
4/4/2021,Sunday,F10,C,1,FMCG,Gear,Gear BB Cream,1099,1099,18.46860316,202.9699487,896.0300513
4/4/2021,Sunday,L01,C,10,Lifestyle,Jeera,M- T Shirts,450,4500,18.32601839,824.6708274,3675.329173
4/4/2021,Sunday,L02,C,10,Lifestyle,Jeera,M- Inners,500,5000,19.78474373,989.2371867,4010.762813
4/4/2021,Sunday,L03,C,3,Lifestyle,Viva,W-Casuals,900,2700,15.0898274,407.4253398,2292.57466
4/4/2021,Sunday,L04,C,3,Lifestyle,Viva,W-Inners,1300,3900,19.12905879,746.0332926,3153.966707
4/4/2021,Sunday,L05,C,7,Lifestyle,Jeera,M-Jeans,2099,14693,17.78871343,2613.695664,12079.30434
4/4/2021,Sunday,L06,C,5,Lifestyle,Jeera,M-Casuals,1300,6500,19.66497623,1278.223455,5221.776545
4/4/2021,Sunday,L07,C,4,Lifestyle,Viva,W-Western,2600,10400,15.7631211,1639.364595,8760.635405
4/4/2021,Sunday,L08,C,2,Lifestyle,Viva,W-Lounge,1600,3200,19.97687885,639.2601233,2560.739877
4/4/2021,Sunday,L09,C,1,Lifestyle,Jeera,M-Formals,1900,1900,18.9041619,359.179076,1540.820924
4/4/2021,Sunday,L10,C,3,Lifestyle,Jeera,M-Shoes,3100,9300,17.67182384,1643.479617,7656.520383
5/4/2021,Monday,M01,C,3,Mobiles,RealU,RU-10,12100,36300,12.13816118,4406.152508,31893.84749
5/4/2021,Monday,M02,C,6,Mobiles,RealU,RU-9 Plus,10100,60600,14.56810141,8828.269452,51771.73055
5/4/2021,Monday,M03,C,5,Mobiles,YouM,YM-99,16100,80500,8.097087087,6518.155105,73981.84489
5/4/2021,Monday,M04,C,3,Mobiles,YouM,YM-99 Plus,20100,60300,7.74799088,4672.038501,55627.9615
5/4/2021,Monday,M05,C,3,Mobiles,YouM,YM-98 ,8100,24300,15.41667299,3746.251536,20553.74846
5/4/2021,Monday,M06,C,3,Mobiles,RealU,RU-9,8100,24300,17.32863377,4210.858006,20089.14199
5/4/2021,Monday,M07,C,3,Mobiles,Sumsang,S-20,49100,147300,8.532277919,12568.04538,134731.9546
5/4/2021,Monday,M08,C,3,Mobiles,Sumsang,S-21,54100,162300,5.935084194,9632.641646,152667.3584
5/4/2021,Monday,M09,C,2,Mobiles,Orange,O-10,55100,110200,7.584590638,8358.218883,101841.7811
5/4/2021,Monday,M10,C,2,Mobiles,Orange,O-11,60100,120200,9.086087808,10921.47755,109278.5225
5/4/2021,Monday,F01,C,15,FMCG,Babaji,Babaji Oil ,400,6000,17.71269437,1062.761662,4937.238338
5/4/2021,Monday,F02,C,7,FMCG,Vedic,Vedic Cream,300,2100,17.29722657,363.241758,1736.758242
5/4/2021,Monday,F03,C,10,FMCG,Vedic,Vedic Shampoo,390,3900,16.6315178,648.6291941,3251.370806
5/4/2021,Monday,F04,C,8,FMCG,Babaji,Babaji Shampoo,465,3720,17.57311946,653.7200439,3066.279956
5/4/2021,Monday,F05,C,4,FMCG,Babaji,Babaji Cream,290,1160,17.80206774,206.5039858,953.4960142
5/4/2021,Monday,F06,C,4,FMCG,Vedic,Vedic Oil,450,1800,17.72023423,318.9642161,1481.035784
5/4/2021,Monday,F07,C,4,FMCG,Gear,Gear Oil,500,2000,15.54611424,310.9222848,1689.077715
5/4/2021,Monday,F08,C,2,FMCG,Gear,Gear Cream,400,800,16.34737903,130.7790323,669.2209677
5/4/2021,Monday,F09,C,2,FMCG,Gear,Gear Shampoo,560,1120,16.55972731,185.4689458,934.5310542
5/4/2021,Monday,F10,C,2,FMCG,Gear,Gear BB Cream,1099,2198,16.11614241,354.2328102,1843.76719
5/4/2021,Monday,L01,C,14,Lifestyle,Jeera,M- T Shirts,450,6300,17.19470437,1083.266375,5216.733625
5/4/2021,Monday,L02,C,3,Lifestyle,Jeera,M- Inners,500,1500,17.34450754,260.1676132,1239.832387
5/4/2021,Monday,L03,C,2,Lifestyle,Viva,W-Casuals,900,1800,17.67337262,318.1207072,1481.879293
5/4/2021,Monday,L04,C,5,Lifestyle,Viva,W-Inners,1300,6500,16.12159665,1047.903783,5452.096217
5/4/2021,Monday,L05,C,4,Lifestyle,Jeera,M-Jeans,2099,8396,18.9397842,1590.184282,6805.815718
5/4/2021,Monday,L06,C,4,Lifestyle,Jeera,M-Casuals,1300,5200,17.37960449,903.7394334,4296.260567
5/4/2021,Monday,L07,C,4,Lifestyle,Viva,W-Western,2600,10400,18.09216824,1881.585496,8518.414504
5/4/2021,Monday,L08,C,2,Lifestyle,Viva,W-Lounge,1600,3200,17.60609764,563.3951244,2636.604876
5/4/2021,Monday,L09,C,3,Lifestyle,Jeera,M-Formals,1900,5700,17.34439087,988.6302798,4711.36972
5/4/2021,Monday,L10,C,1,Lifestyle,Jeera,M-Shoes,3100,3100,15.57197751,482.7313028,2617.268697
6/4/2021,Tuesday,M01,C,7,Mobiles,RealU,RU-10,12100,84700,12.9095187,10934.36234,73765.63766
6/4/2021,Tuesday,M02,C,6,Mobiles,RealU,RU-9 Plus,10100,60600,12.30153101,7454.727792,53145.27221
6/4/2021,Tuesday,M03,C,4,Mobiles,YouM,YM-99,16100,64400,7.732667089,4979.837605,59420.16239
6/4/2021,Tuesday,M04,C,6,Mobiles,YouM,YM-99 Plus,20100,120600,7.233846742,8724.019171,111875.9808
6/4/2021,Tuesday,M05,C,5,Mobiles,YouM,YM-98 ,8100,40500,19.76683137,8005.566703,32494.4333
6/4/2021,Tuesday,M06,C,2,Mobiles,RealU,RU-9,8100,16200,17.28065328,2799.465831,13400.53417
6/4/2021,Tuesday,M07,C,2,Mobiles,Sumsang,S-20,49100,98200,5.420506661,5322.937541,92877.06246
6/4/2021,Tuesday,M08,C,3,Mobiles,Sumsang,S-21,54100,162300,6.849975642,11117.51047,151182.4895
6/4/2021,Tuesday,M09,C,2,Mobiles,Orange,O-10,55100,110200,8.412626482,9270.714384,100929.2856
6/4/2021,Tuesday,M10,C,2,Mobiles,Orange,O-11,60100,120200,7.25669557,8722.548075,111477.4519
6/4/2021,Tuesday,F01,C,9,FMCG,Babaji,Babaji Oil ,400,3600,15.74882967,566.9578682,3033.042132
6/4/2021,Tuesday,F02,C,12,FMCG,Vedic,Vedic Cream,300,3600,16.2970696,586.6945055,3013.305495
6/4/2021,Tuesday,F03,C,8,FMCG,Vedic,Vedic Shampoo,390,3120,17.50762494,546.237898,2573.762102
6/4/2021,Tuesday,F04,C,2,FMCG,Babaji,Babaji Shampoo,465,930,15.18325184,141.2042421,788.7957579
6/4/2021,Tuesday,F05,C,3,FMCG,Babaji,Babaji Cream,290,870,15.93845566,138.6645643,731.3354357
6/4/2021,Tuesday,F06,C,6,FMCG,Vedic,Vedic Oil,450,2700,17.92821481,484.0617998,2215.9382
6/4/2021,Tuesday,F07,C,2,FMCG,Gear,Gear Oil,500,1000,16.53516266,165.3516266,834.6483734
6/4/2021,Tuesday,F08,C,1,FMCG,Gear,Gear Cream,400,400,18.25629986,73.02519945,326.9748006
6/4/2021,Tuesday,F09,C,2,FMCG,Gear,Gear Shampoo,560,1120,19.82336854,222.0217277,897.9782723
6/4/2021,Tuesday,F10,C,3,FMCG,Gear,Gear BB Cream,1099,3297,18.84952874,621.4689626,2675.531037
6/4/2021,Tuesday,L01,C,12,Lifestyle,Jeera,M- T Shirts,450,5400,16.42524573,886.9632696,4513.03673
6/4/2021,Tuesday,L02,C,6,Lifestyle,Jeera,M- Inners,500,3000,16.66480531,499.9441593,2500.055841
6/4/2021,Tuesday,L03,C,6,Lifestyle,Viva,W-Casuals,900,5400,15.94996888,861.2983193,4538.701681
6/4/2021,Tuesday,L04,C,6,Lifestyle,Viva,W-Inners,1300,7800,15.04362021,1173.402377,6626.597623
6/4/2021,Tuesday,L05,C,7,Lifestyle,Jeera,M-Jeans,2099,14693,15.36169715,2257.094162,12435.90584
6/4/2021,Tuesday,L06,C,3,Lifestyle,Jeera,M-Casuals,1300,3900,16.43402216,640.9268643,3259.073136
6/4/2021,Tuesday,L07,C,5,Lifestyle,Viva,W-Western,2600,13000,16.03714236,2084.828507,10915.17149
6/4/2021,Tuesday,L08,C,3,Lifestyle,Viva,W-Lounge,1600,4800,17.50527815,840.2533513,3959.746649
6/4/2021,Tuesday,L09,C,3,Lifestyle,Jeera,M-Formals,1900,5700,18.18304095,1036.433334,4663.566666
6/4/2021,Tuesday,L10,C,1,Lifestyle,Jeera,M-Shoes,3100,3100,19.5891248,607.2628687,2492.737131
7/4/2021,Wednesday,M01,C,12,Mobiles,RealU,RU-10,12100,145200,11.83080707,17178.33186,128021.6681
7/4/2021,Wednesday,M02,C,2,Mobiles,RealU,RU-9 Plus,10100,20200,12.54256944,2533.599028,17666.40097
7/4/2021,Wednesday,M03,C,7,Mobiles,YouM,YM-99,16100,112700,8.741302313,9851.447706,102848.5523
7/4/2021,Wednesday,M04,C,4,Mobiles,YouM,YM-99 Plus,20100,80400,7.988812722,6423.005429,73976.99457
7/4/2021,Wednesday,M05,C,4,Mobiles,YouM,YM-98 ,8100,32400,17.6185845,5708.421379,26691.57862
7/4/2021,Wednesday,M06,C,3,Mobiles,RealU,RU-9,8100,24300,16.0655761,3903.934991,20396.06501
7/4/2021,Wednesday,M07,C,3,Mobiles,Sumsang,S-20,49100,147300,8.658225362,12753.56596,134546.434
7/4/2021,Wednesday,M08,C,3,Mobiles,Sumsang,S-21,54100,162300,7.178725899,11651.07213,150648.9279
7/4/2021,Wednesday,M09,C,3,Mobiles,Orange,O-10,55100,165300,8.46941228,13999.9385,151300.0615
7/4/2021,Wednesday,M10,C,3,Mobiles,Orange,O-11,60100,180300,9.815204448,17696.81362,162603.1864
7/4/2021,Wednesday,F01,C,22,FMCG,Babaji,Babaji Oil ,400,8800,18.1827493,1600.081938,7199.918062
7/4/2021,Wednesday,F02,C,10,FMCG,Vedic,Vedic Cream,300,3000,19.765153,592.9545901,2407.04541
7/4/2021,Wednesday,F03,C,11,FMCG,Vedic,Vedic Shampoo,390,4290,18.92254531,811.7771939,3478.222806
7/4/2021,Wednesday,F04,C,11,FMCG,Babaji,Babaji Shampoo,465,5115,19.28103465,986.2249224,4128.775078
7/4/2021,Wednesday,F05,C,2,FMCG,Babaji,Babaji Cream,290,580,16.32460955,94.68273537,485.3172646
7/4/2021,Wednesday,F06,C,3,FMCG,Vedic,Vedic Oil,450,1350,18.37684555,248.0874149,1101.912585
7/4/2021,Wednesday,F07,C,2,FMCG,Gear,Gear Oil,500,1000,19.06483966,190.6483966,809.3516034
7/4/2021,Wednesday,F08,C,2,FMCG,Gear,Gear Cream,400,800,19.80471511,158.4377209,641.5622791
7/4/2021,Wednesday,F09,C,4,FMCG,Gear,Gear Shampoo,560,2240,15.43763351,345.8029906,1894.197009
7/4/2021,Wednesday,F10,C,3,FMCG,Gear,Gear BB Cream,1099,3297,17.25507653,568.8998733,2728.100127
7/4/2021,Wednesday,L01,C,12,Lifestyle,Jeera,M- T Shirts,450,5400,19.7128278,1064.492701,4335.507299
7/4/2021,Wednesday,L02,C,12,Lifestyle,Jeera,M- Inners,500,6000,17.64135501,1058.481301,4941.518699
7/4/2021,Wednesday,L03,C,7,Lifestyle,Viva,W-Casuals,900,6300,15.02375138,946.4963371,5353.503663
7/4/2021,Wednesday,L04,C,3,Lifestyle,Viva,W-Inners,1300,3900,16.41968202,640.3675986,3259.632401
7/4/2021,Wednesday,L05,C,3,Lifestyle,Jeera,M-Jeans,2099,6297,18.02035183,1134.741555,5162.258445
7/4/2021,Wednesday,L06,C,4,Lifestyle,Jeera,M-Casuals,1300,5200,16.37695,851.6013998,4348.3986
7/4/2021,Wednesday,L07,C,4,Lifestyle,Viva,W-Western,2600,10400,17.47825748,1817.738778,8582.261222
7/4/2021,Wednesday,L08,C,3,Lifestyle,Viva,W-Lounge,1600,4800,19.4479254,933.5004194,3866.499581
7/4/2021,Wednesday,L09,C,2,Lifestyle,Jeera,M-Formals,1900,3800,16.29980482,619.392583,3180.607417
7/4/2021,Wednesday,L10,C,1,Lifestyle,Jeera,M-Shoes,3100,3100,17.89656938,554.7936507,2545.206349
8/4/2021,Thursday,M01,C,14,Mobiles,RealU,RU-10,12100,169400,14.95172621,25328.2242,144071.7758
8/4/2021,Thursday,M02,C,7,Mobiles,RealU,RU-9 Plus,10100,70700,12.89156528,9114.336652,61585.66335
8/4/2021,Thursday,M03,C,7,Mobiles,YouM,YM-99,16100,112700,7.679385596,8654.667566,104045.3324
8/4/2021,Thursday,M04,C,5,Mobiles,YouM,YM-99 Plus,20100,100500,5.794802079,5823.77609,94676.22391
8/4/2021,Thursday,M05,C,6,Mobiles,YouM,YM-98 ,8100,48600,19.57381754,9512.875327,39087.12467
8/4/2021,Thursday,M06,C,3,Mobiles,RealU,RU-9,8100,24300,15.82123141,3844.559233,20455.44077
8/4/2021,Thursday,M07,C,3,Mobiles,Sumsang,S-20,49100,147300,9.238450997,13608.23832,133691.7617
8/4/2021,Thursday,M08,C,2,Mobiles,Sumsang,S-21,54100,108200,9.66608229,10458.70104,97741.29896
8/4/2021,Thursday,M09,C,2,Mobiles,Orange,O-10,55100,110200,5.059801277,5575.901007,104624.099
8/4/2021,Thursday,M10,C,1,Mobiles,Orange,O-11,60100,60100,9.549832271,5739.449195,54360.55081
8/4/2021,Thursday,F01,C,2,FMCG,Babaji,Babaji Oil ,400,800,15.57239355,124.5791484,675.4208516
8/4/2021,Thursday,F02,C,11,FMCG,Vedic,Vedic Cream,300,3300,18.23880381,601.8805256,2698.119474
8/4/2021,Thursday,F03,C,11,FMCG,Vedic,Vedic Shampoo,390,4290,19.29009649,827.5451393,3462.454861
8/4/2021,Thursday,F04,C,2,FMCG,Babaji,Babaji Shampoo,465,930,19.91038373,185.1665687,744.8334313
8/4/2021,Thursday,F05,C,5,FMCG,Babaji,Babaji Cream,290,1450,16.17987766,234.6082261,1215.391774
8/4/2021,Thursday,F06,C,4,FMCG,Vedic,Vedic Oil,450,1800,15.39428242,277.0970835,1522.902916
8/4/2021,Thursday,F07,C,3,FMCG,Gear,Gear Oil,500,1500,19.35851648,290.3777471,1209.622253
8/4/2021,Thursday,F08,C,2,FMCG,Gear,Gear Cream,400,800,16.95879599,135.6703679,664.3296321
8/4/2021,Thursday,F09,C,3,FMCG,Gear,Gear Shampoo,560,1680,15.40774796,258.8501658,1421.149834
8/4/2021,Thursday,F10,C,3,FMCG,Gear,Gear BB Cream,1099,3297,16.47136519,543.0609104,2753.93909
8/4/2021,Thursday,L01,C,7,Lifestyle,Jeera,M- T Shirts,450,3150,15.43353289,486.156286,2663.843714
8/4/2021,Thursday,L02,C,9,Lifestyle,Jeera,M- Inners,500,4500,16.36791411,736.5561352,3763.443865
8/4/2021,Thursday,L03,C,7,Lifestyle,Viva,W-Casuals,900,6300,15.62158049,984.159571,5315.840429
8/4/2021,Thursday,L04,C,3,Lifestyle,Viva,W-Inners,1300,3900,19.5382451,761.9915587,3138.008441
8/4/2021,Thursday,L05,C,6,Lifestyle,Jeera,M-Jeans,2099,12594,18.27029351,2300.960765,10293.03924
8/4/2021,Thursday,L06,C,3,Lifestyle,Jeera,M-Casuals,1300,3900,15.13260351,590.1715369,3309.828463
8/4/2021,Thursday,L07,C,5,Lifestyle,Viva,W-Western,2600,13000,18.46189328,2400.046126,10599.95387
8/4/2021,Thursday,L08,C,2,Lifestyle,Viva,W-Lounge,1600,3200,15.51203164,496.3850126,2703.614987
8/4/2021,Thursday,L09,C,3,Lifestyle,Jeera,M-Formals,1900,5700,18.27644174,1041.757179,4658.242821
8/4/2021,Thursday,L10,C,2,Lifestyle,Jeera,M-Shoes,3100,6200,17.44635923,1081.674272,5118.325728
9/4/2021,Friday,M01,C,15,Mobiles,RealU,RU-10,12100,181500,14.18072848,25738.02219,155761.9778
9/4/2021,Friday,M02,C,7,Mobiles,RealU,RU-9 Plus,10100,70700,12.01888255,8497.349963,62202.65004
9/4/2021,Friday,M03,C,7,Mobiles,YouM,YM-99,16100,112700,6.858254569,7729.252899,104970.7471
9/4/2021,Friday,M04,C,7,Mobiles,YouM,YM-99 Plus,20100,140700,7.208362952,10142.16667,130557.8333
9/4/2021,Friday,M05,C,5,Mobiles,YouM,YM-98 ,8100,40500,17.16353023,6951.229744,33548.77026
9/4/2021,Friday,M06,C,2,Mobiles,RealU,RU-9,8100,16200,16.63778339,2695.32091,13504.67909
9/4/2021,Friday,M07,C,3,Mobiles,Sumsang,S-20,49100,147300,7.341874344,10814.58091,136485.4191
9/4/2021,Friday,M08,C,2,Mobiles,Sumsang,S-21,54100,108200,9.771367467,10572.6196,97627.3804
9/4/2021,Friday,M09,C,2,Mobiles,Orange,O-10,55100,110200,6.473304705,7133.581785,103066.4182
9/4/2021,Friday,M10,C,1,Mobiles,Orange,O-11,60100,60100,6.43991996,3870.391896,56229.6081
9/4/2021,Friday,F01,C,31,FMCG,Babaji,Babaji Oil ,400,12400,17.38393442,2155.607868,10244.39213
9/4/2021,Friday,F02,C,12,FMCG,Vedic,Vedic Cream,300,3600,18.19607162,655.0585783,2944.941422
9/4/2021,Friday,F03,C,7,FMCG,Vedic,Vedic Shampoo,390,2730,18.06839101,493.2670746,2236.732925
9/4/2021,Friday,F04,C,4,FMCG,Babaji,Babaji Shampoo,465,1860,16.37059555,304.4930772,1555.506923
9/4/2021,Friday,F05,C,8,FMCG,Babaji,Babaji Cream,290,2320,19.81697935,459.753921,1860.246079
9/4/2021,Friday,F06,C,2,FMCG,Vedic,Vedic Oil,450,900,18.48820169,166.3938152,733.6061848
9/4/2021,Friday,F07,C,4,FMCG,Gear,Gear Oil,500,2000,16.86697046,337.3394091,1662.660591
9/4/2021,Friday,F08,C,2,FMCG,Gear,Gear Cream,400,800,15.73372533,125.8698027,674.1301973
9/4/2021,Friday,F09,C,2,FMCG,Gear,Gear Shampoo,560,1120,17.5792162,196.8872214,923.1127786
9/4/2021,Friday,F10,C,1,FMCG,Gear,Gear BB Cream,1099,1099,17.15758343,188.5618419,910.4381581
9/4/2021,Friday,L01,C,16,Lifestyle,Jeera,M- T Shirts,450,7200,19.14081735,1378.138849,5821.861151
9/4/2021,Friday,L02,C,6,Lifestyle,Jeera,M- Inners,500,3000,19.00377426,570.1132277,2429.886772
9/4/2021,Friday,L03,C,5,Lifestyle,Viva,W-Casuals,900,4500,16.69286811,751.1790651,3748.820935
9/4/2021,Friday,L04,C,2,Lifestyle,Viva,W-Inners,1300,2600,17.79136356,462.5754524,2137.424548
9/4/2021,Friday,L05,C,5,Lifestyle,Jeera,M-Jeans,2099,10495,17.07765991,1792.300408,8702.699592
9/4/2021,Friday,L06,C,4,Lifestyle,Jeera,M-Casuals,1300,5200,16.47525078,856.7130405,4343.28696
9/4/2021,Friday,L07,C,3,Lifestyle,Viva,W-Western,2600,7800,17.56215896,1369.848399,6430.151601
9/4/2021,Friday,L08,C,2,Lifestyle,Viva,W-Lounge,1600,3200,18.96663746,606.9323987,2593.067601
9/4/2021,Friday,L09,C,2,Lifestyle,Jeera,M-Formals,1900,3800,17.6453931,670.5249378,3129.475062
9/4/2021,Friday,L10,C,1,Lifestyle,Jeera,M-Shoes,3100,3100,17.96714075,556.9813631,2543.018637
10/4/2021,Saturday,M01,C,3,Mobiles,RealU,RU-10,12100,36300,11.05573761,4013.232753,32286.76725
10/4/2021,Saturday,M02,C,6,Mobiles,RealU,RU-9 Plus,10100,60600,11.08918153,6720.044009,53879.95599
10/4/2021,Saturday,M03,C,4,Mobiles,YouM,YM-99,16100,64400,8.977343374,5781.409133,58618.59087
10/4/2021,Saturday,M04,C,5,Mobiles,YouM,YM-99 Plus,20100,100500,7.4213256,7458.432228,93041.56777
10/4/2021,Saturday,M05,C,4,Mobiles,YouM,YM-98 ,8100,32400,16.55384817,5363.446806,27036.55319
10/4/2021,Saturday,M06,C,4,Mobiles,RealU,RU-9,8100,32400,17.91696774,5805.097548,26594.90245
10/4/2021,Saturday,M07,C,2,Mobiles,Sumsang,S-20,49100,98200,7.802860891,7662.409395,90537.59061
10/4/2021,Saturday,M08,C,2,Mobiles,Sumsang,S-21,54100,108200,9.835773222,10642.30663,97557.69337
10/4/2021,Saturday,M09,C,3,Mobiles,Orange,O-10,55100,165300,6.268913809,10362.51453,154937.4855
10/4/2021,Saturday,M10,C,2,Mobiles,Orange,O-11,60100,120200,6.819110663,8196.571017,112003.429
10/4/2021,Saturday,F01,C,24,FMCG,Babaji,Babaji Oil ,400,9600,19.35868056,1858.433334,7741.566666
10/4/2021,Saturday,F02,C,11,FMCG,Vedic,Vedic Cream,300,3300,16.9893921,560.6499393,2739.350061
10/4/2021,Saturday,F03,C,12,FMCG,Vedic,Vedic Shampoo,390,4680,17.4865815,818.3720141,3861.627986
10/4/2021,Saturday,F04,C,4,FMCG,Babaji,Babaji Shampoo,465,1860,15.91087995,295.942367,1564.057633
10/4/2021,Saturday,F05,C,3,FMCG,Babaji,Babaji Cream,290,870,15.14241458,131.7390069,738.2609931
10/4/2021,Saturday,F06,C,3,FMCG,Vedic,Vedic Oil,450,1350,15.56257107,210.0947094,1139.905291
10/4/2021,Saturday,F07,C,3,FMCG,Gear,Gear Oil,500,1500,17.63119016,264.4678524,1235.532148
10/4/2021,Saturday,F08,C,3,FMCG,Gear,Gear Cream,400,1200,18.57874079,222.9448895,977.0551105
10/4/2021,Saturday,F09,C,2,FMCG,Gear,Gear Shampoo,560,1120,16.38611185,183.5244527,936.4755473
10/4/2021,Saturday,F10,C,2,FMCG,Gear,Gear BB Cream,1099,2198,16.93486485,372.2283295,1825.771671
10/4/2021,Saturday,L01,C,5,Lifestyle,Jeera,M- T Shirts,450,2250,17.56720701,395.2621577,1854.737842
10/4/2021,Saturday,L02,C,4,Lifestyle,Jeera,M- Inners,500,2000,17.50576724,350.1153448,1649.884655
10/4/2021,Saturday,L03,C,5,Lifestyle,Viva,W-Casuals,900,4500,15.69166816,706.1250673,3793.874933
10/4/2021,Saturday,L04,C,4,Lifestyle,Viva,W-Inners,1300,5200,15.38756981,800.1536302,4399.84637
10/4/2021,Saturday,L05,C,5,Lifestyle,Jeera,M-Jeans,2099,10495,19.71631112,2069.226852,8425.773148
10/4/2021,Saturday,L06,C,5,Lifestyle,Jeera,M-Casuals,1300,6500,19.53756201,1269.941531,5230.058469
10/4/2021,Saturday,L07,C,5,Lifestyle,Viva,W-Western,2600,13000,16.81358444,2185.765977,10814.23402
10/4/2021,Saturday,L08,C,1,Lifestyle,Viva,W-Lounge,1600,1600,19.00824982,304.1319971,1295.868003
10/4/2021,Saturday,L09,C,3,Lifestyle,Jeera,M-Formals,1900,5700,17.68404468,1007.990547,4692.009453
10/4/2021,Saturday,L10,C,2,Lifestyle,Jeera,M-Shoes,3100,6200,17.25697328,1069.932343,5130.067657
11/4/2021,Sunday,M01,C,12,Mobiles,RealU,RU-10,12100,145200,14.80487284,21496.67537,123703.3246
11/4/2021,Sunday,M02,C,7,Mobiles,RealU,RU-9 Plus,10100,70700,12.23538491,8650.417131,62049.58287
11/4/2021,Sunday,M03,C,6,Mobiles,YouM,YM-99,16100,96600,6.170397895,5960.604367,90639.39563
11/4/2021,Sunday,M04,C,4,Mobiles,YouM,YM-99 Plus,20100,80400,5.072124186,4077.987845,76322.01215
11/4/2021,Sunday,M05,C,4,Mobiles,YouM,YM-98 ,8100,32400,19.7356036,6394.335566,26005.66443
11/4/2021,Sunday,M06,C,3,Mobiles,RealU,RU-9,8100,24300,19.94061027,4845.568296,19454.4317
11/4/2021,Sunday,M07,C,3,Mobiles,Sumsang,S-20,49100,147300,8.39446932,12365.05331,134934.9467
11/4/2021,Sunday,M08,C,1,Mobiles,Sumsang,S-21,54100,54100,6.106930705,3303.849511,50796.15049
11/4/2021,Sunday,M09,C,3,Mobiles,Orange,O-10,55100,165300,6.508719078,10758.91264,154541.0874
11/4/2021,Sunday,M10,C,3,Mobiles,Orange,O-11,60100,180300,9.058746494,16332.91993,163967.0801
11/4/2021,Sunday,F01,C,22,FMCG,Babaji,Babaji Oil ,400,8800,18.18850808,1600.588711,7199.411289
11/4/2021,Sunday,F02,C,2,FMCG,Vedic,Vedic Cream,300,600,17.11762612,102.7057567,497.2942433
11/4/2021,Sunday,F03,C,11,FMCG,Vedic,Vedic Shampoo,390,4290,16.38558507,702.9415996,3587.0584
11/4/2021,Sunday,F04,C,6,FMCG,Babaji,Babaji Shampoo,465,2790,19.12478535,533.5815113,2256.418489
11/4/2021,Sunday,F05,C,4,FMCG,Babaji,Babaji Cream,290,1160,15.08981884,175.0418986,984.9581014
11/4/2021,Sunday,F06,C,2,FMCG,Vedic,Vedic Oil,450,900,18.48426635,166.3583972,733.6416028
11/4/2021,Sunday,F07,C,4,FMCG,Gear,Gear Oil,500,2000,17.12451516,342.4903031,1657.509697
11/4/2021,Sunday,F08,C,2,FMCG,Gear,Gear Cream,400,800,19.99240704,159.9392563,640.0607437
11/4/2021,Sunday,F09,C,2,FMCG,Gear,Gear Shampoo,560,1120,18.49602626,207.1554941,912.8445059
11/4/2021,Sunday,F10,C,3,FMCG,Gear,Gear BB Cream,1099,3297,15.18946297,500.7965942,2796.203406
11/4/2021,Sunday,L01,C,13,Lifestyle,Jeera,M- T Shirts,450,5850,15.18420876,888.2762126,4961.723787
11/4/2021,Sunday,L02,C,9,Lifestyle,Jeera,M- Inners,500,4500,19.58669525,881.4012862,3618.598714
11/4/2021,Sunday,L03,C,5,Lifestyle,Viva,W-Casuals,900,4500,19.38396296,872.2783332,3627.721667
11/4/2021,Sunday,L04,C,4,Lifestyle,Viva,W-Inners,1300,5200,17.53295627,911.7137259,4288.286274
11/4/2021,Sunday,L05,C,6,Lifestyle,Jeera,M-Jeans,2099,12594,15.41406919,1941.247874,10652.75213
11/4/2021,Sunday,L06,C,6,Lifestyle,Jeera,M-Casuals,1300,7800,18.90766781,1474.798089,6325.201911
11/4/2021,Sunday,L07,C,4,Lifestyle,Viva,W-Western,2600,10400,19.50526759,2028.547829,8371.452171
11/4/2021,Sunday,L08,C,3,Lifestyle,Viva,W-Lounge,1600,4800,16.6335875,798.4122001,4001.5878
11/4/2021,Sunday,L09,C,3,Lifestyle,Jeera,M-Formals,1900,5700,17.39005186,991.2329561,4708.767044
11/4/2021,Sunday,L10,C,1,Lifestyle,Jeera,M-Shoes,3100,3100,15.88458597,492.4221651,2607.577835
12/4/2021,Monday,M01,C,4,Mobiles,RealU,RU-10,12100,48400,11.37328449,5504.669696,42895.3303
12/4/2021,Monday,M02,C,7,Mobiles,RealU,RU-9 Plus,10100,70700,14.54308173,10281.95878,60418.04122
12/4/2021,Monday,M03,C,3,Mobiles,YouM,YM-99,16100,48300,7.826353712,3780.128843,44519.87116
12/4/2021,Monday,M04,C,6,Mobiles,YouM,YM-99 Plus,20100,120600,8.491486175,10240.73233,110359.2677
12/4/2021,Monday,M05,C,4,Mobiles,YouM,YM-98 ,8100,32400,17.3375191,5617.356189,26782.64381
12/4/2021,Monday,M06,C,3,Mobiles,RealU,RU-9,8100,24300,15.60813256,3792.776212,20507.22379
12/4/2021,Monday,M07,C,2,Mobiles,Sumsang,S-20,49100,98200,6.066191919,5957.000464,92242.99954
12/4/2021,Monday,M08,C,1,Mobiles,Sumsang,S-21,54100,54100,9.79144008,5297.169083,48802.83092
12/4/2021,Monday,M09,C,3,Mobiles,Orange,O-10,55100,165300,5.084108426,8404.031228,156895.9688
12/4/2021,Monday,M10,C,3,Mobiles,Orange,O-11,60100,180300,7.785268249,14036.83865,166263.1613
12/4/2021,Monday,F01,C,15,FMCG,Babaji,Babaji Oil ,400,6000,17.94498362,1076.699017,4923.300983
12/4/2021,Monday,F02,C,7,FMCG,Vedic,Vedic Cream,300,2100,18.60838629,390.7761121,1709.223888
12/4/2021,Monday,F03,C,3,FMCG,Vedic,Vedic Shampoo,390,1170,17.69125312,206.9876615,963.0123385
12/4/2021,Monday,F04,C,8,FMCG,Babaji,Babaji Shampoo,465,3720,15.67131959,582.9730888,3137.026911
12/4/2021,Monday,F05,C,5,FMCG,Babaji,Babaji Cream,290,1450,17.85265233,258.8634587,1191.136541
12/4/2021,Monday,F06,C,3,FMCG,Vedic,Vedic Oil,450,1350,15.62485857,210.9355907,1139.064409
12/4/2021,Monday,F07,C,4,FMCG,Gear,Gear Oil,500,2000,17.85669403,357.1338806,1642.866119
12/4/2021,Monday,F08,C,3,FMCG,Gear,Gear Cream,400,1200,15.7706073,189.2472876,1010.752712
12/4/2021,Monday,F09,C,3,FMCG,Gear,Gear Shampoo,560,1680,18.39673438,309.0651377,1370.934862
12/4/2021,Monday,F10,C,4,FMCG,Gear,Gear BB Cream,1099,4396,17.06230088,750.0587465,3645.941253
12/4/2021,Monday,L01,C,12,Lifestyle,Jeera,M- T Shirts,450,5400,18.86666515,1018.799918,4381.200082
12/4/2021,Monday,L02,C,8,Lifestyle,Jeera,M- Inners,500,4000,18.81403992,752.5615969,3247.438403
12/4/2021,Monday,L03,C,2,Lifestyle,Viva,W-Casuals,900,1800,15.28201211,275.0762181,1524.923782
12/4/2021,Monday,L04,C,4,Lifestyle,Viva,W-Inners,1300,5200,19.65873168,1022.254047,4177.745953
12/4/2021,Monday,L05,C,6,Lifestyle,Jeera,M-Jeans,2099,12594,15.81511815,1991.75598,10602.24402
12/4/2021,Monday,L06,C,4,Lifestyle,Jeera,M-Casuals,1300,5200,18.39797564,956.6947333,4243.305267
12/4/2021,Monday,L07,C,4,Lifestyle,Viva,W-Western,2600,10400,15.86693027,1650.160748,8749.839252
12/4/2021,Monday,L08,C,1,Lifestyle,Viva,W-Lounge,1600,1600,18.07541564,289.2066503,1310.79335
12/4/2021,Monday,L09,C,2,Lifestyle,Jeera,M-Formals,1900,3800,18.28485187,694.8243712,3105.175629
12/4/2021,Monday,L10,C,1,Lifestyle,Jeera,M-Shoes,3100,3100,19.51879612,605.0826797,2494.91732
13-04-2021,Tuesday,M01,C,9,Mobiles,RealU,RU-10,12100,108900,11.52453923,12550.22322,96349.77678
13-04-2021,Tuesday,M02,C,6,Mobiles,RealU,RU-9 Plus,10100,60600,10.21381047,6189.569144,54410.43086
13-04-2021,Tuesday,M03,C,7,Mobiles,YouM,YM-99,16100,112700,9.282922284,10461.85341,102238.1466
13-04-2021,Tuesday,M04,C,7,Mobiles,YouM,YM-99 Plus,20100,140700,9.050468381,12734.00901,127965.991
13-04-2021,Tuesday,M05,C,5,Mobiles,YouM,YM-98 ,8100,40500,18.20853577,7374.456988,33125.54301
13-04-2021,Tuesday,M06,C,3,Mobiles,RealU,RU-9,8100,24300,17.33279659,4211.869572,20088.13043
13-04-2021,Tuesday,M07,C,3,Mobiles,Sumsang,S-20,49100,147300,9.012749994,13275.78074,134024.2193
13-04-2021,Tuesday,M08,C,1,Mobiles,Sumsang,S-21,54100,54100,9.350885905,5058.829275,49041.17073
13-04-2021,Tuesday,M09,C,2,Mobiles,Orange,O-10,55100,110200,6.326891693,6972.234645,103227.7654
13-04-2021,Tuesday,M10,C,2,Mobiles,Orange,O-11,60100,120200,9.766900149,11739.81398,108460.186
13-04-2021,Tuesday,F01,C,14,FMCG,Babaji,Babaji Oil ,400,5600,15.77724986,883.5259921,4716.474008
13-04-2021,Tuesday,F02,C,14,FMCG,Vedic,Vedic Cream,300,4200,15.22930444,639.6307866,3560.369213
13-04-2021,Tuesday,F03,C,3,FMCG,Vedic,Vedic Shampoo,390,1170,19.28772746,225.6664113,944.3335887
13-04-2021,Tuesday,F04,C,7,FMCG,Babaji,Babaji Shampoo,465,3255,15.60269272,507.8676481,2747.132352
13-04-2021,Tuesday,F05,C,7,FMCG,Babaji,Babaji Cream,290,2030,15.89257421,322.6192564,1707.380744
13-04-2021,Tuesday,F06,C,5,FMCG,Vedic,Vedic Oil,450,2250,18.89646759,425.1705207,1824.829479
13-04-2021,Tuesday,F07,C,4,FMCG,Gear,Gear Oil,500,2000,16.91057925,338.211585,1661.788415
13-04-2021,Tuesday,F08,C,2,FMCG,Gear,Gear Cream,400,800,19.70033865,157.6027092,642.3972908
13-04-2021,Tuesday,F09,C,3,FMCG,Gear,Gear Shampoo,560,1680,19.14985255,321.7175228,1358.282477
13-04-2021,Tuesday,F10,C,3,FMCG,Gear,Gear BB Cream,1099,3297,19.24025252,634.3511257,2662.648874
13-04-2021,Tuesday,L01,C,4,Lifestyle,Jeera,M- T Shirts,450,1800,18.16249906,326.9249831,1473.075017
13-04-2021,Tuesday,L02,C,6,Lifestyle,Jeera,M- Inners,500,3000,19.98225655,599.4676965,2400.532303
13-04-2021,Tuesday,L03,C,6,Lifestyle,Viva,W-Casuals,900,5400,16.14683639,871.9291649,4528.070835
13-04-2021,Tuesday,L04,C,3,Lifestyle,Viva,W-Inners,1300,3900,17.08635768,666.3679495,3233.63205
13-04-2021,Tuesday,L05,C,5,Lifestyle,Jeera,M-Jeans,2099,10495,19.94004576,2092.707803,8402.292197
13-04-2021,Tuesday,L06,C,3,Lifestyle,Jeera,M-Casuals,1300,3900,19.77900687,771.3812678,3128.618732
13-04-2021,Tuesday,L07,C,4,Lifestyle,Viva,W-Western,2600,10400,16.6427166,1730.842526,8669.157474
13-04-2021,Tuesday,L08,C,4,Lifestyle,Viva,W-Lounge,1600,6400,18.72234439,1198.230041,5201.769959
13-04-2021,Tuesday,L09,C,3,Lifestyle,Jeera,M-Formals,1900,5700,17.60028177,1003.216061,4696.783939
13-04-2021,Tuesday,L10,C,3,Lifestyle,Jeera,M-Shoes,3100,9300,16.85797791,1567.791946,7732.208054
14-04-2021,Wednesday,M01,C,11,Mobiles,RealU,RU-10,12100,133100,12.18527026,16218.59472,116881.4053
14-04-2021,Wednesday,M02,C,7,Mobiles,RealU,RU-9 Plus,10100,70700,13.96301473,9871.851413,60828.14859
14-04-2021,Wednesday,M03,C,6,Mobiles,YouM,YM-99,16100,96600,9.852661168,9517.670689,87082.32931
14-04-2021,Wednesday,M04,C,3,Mobiles,YouM,YM-99 Plus,20100,60300,6.415230294,3868.383867,56431.61613
14-04-2021,Wednesday,M05,C,4,Mobiles,YouM,YM-98 ,8100,32400,17.73983301,5747.705894,26652.29411
14-04-2021,Wednesday,M06,C,3,Mobiles,RealU,RU-9,8100,24300,19.17680154,4659.962775,19640.03722
14-04-2021,Wednesday,M07,C,3,Mobiles,Sumsang,S-20,49100,147300,9.085015162,13382.22733,133917.7727
14-04-2021,Wednesday,M08,C,2,Mobiles,Sumsang,S-21,54100,108200,5.055218412,5469.746322,102730.2537
14-04-2021,Wednesday,M09,C,2,Mobiles,Orange,O-10,55100,110200,5.411802186,5963.806009,104236.194
14-04-2021,Wednesday,M10,C,2,Mobiles,Orange,O-11,60100,120200,5.511042321,6624.27287,113575.7271
14-04-2021,Wednesday,F01,C,29,FMCG,Babaji,Babaji Oil ,400,11600,15.04247713,1744.927347,9855.072653
14-04-2021,Wednesday,F02,C,2,FMCG,Vedic,Vedic Cream,300,600,17.23214929,103.3928957,496.6071043
14-04-2021,Wednesday,F03,C,5,FMCG,Vedic,Vedic Shampoo,390,1950,18.98898033,370.2851164,1579.714884
14-04-2021,Wednesday,F04,C,4,FMCG,Babaji,Babaji Shampoo,465,1860,15.71672908,292.3311608,1567.668839
14-04-2021,Wednesday,F05,C,7,FMCG,Babaji,Babaji Cream,290,2030,17.22838981,349.7363132,1680.263687
14-04-2021,Wednesday,F06,C,6,FMCG,Vedic,Vedic Oil,450,2700,16.27280995,439.3658685,2260.634131
14-04-2021,Wednesday,F07,C,4,FMCG,Gear,Gear Oil,500,2000,19.3490931,386.981862,1613.018138
14-04-2021,Wednesday,F08,C,2,FMCG,Gear,Gear Cream,400,800,18.99129132,151.9303305,648.0696695
14-04-2021,Wednesday,F09,C,3,FMCG,Gear,Gear Shampoo,560,1680,15.91560189,267.3821118,1412.617888
14-04-2021,Wednesday,F10,C,3,FMCG,Gear,Gear BB Cream,1099,3297,15.23911668,502.4336768,2794.566323
14-04-2021,Wednesday,L01,C,15,Lifestyle,Jeera,M- T Shirts,450,6750,15.30600671,1033.155453,5716.844547
14-04-2021,Wednesday,L02,C,7,Lifestyle,Jeera,M- Inners,500,3500,15.19158998,531.7056494,2968.294351
14-04-2021,Wednesday,L03,C,6,Lifestyle,Viva,W-Casuals,900,5400,15.95302429,861.4633119,4538.536688
14-04-2021,Wednesday,L04,C,5,Lifestyle,Viva,W-Inners,1300,6500,18.62938274,1210.909878,5289.090122
14-04-2021,Wednesday,L05,C,6,Lifestyle,Jeera,M-Jeans,2099,12594,16.95456688,2135.258153,10458.74185
14-04-2021,Wednesday,L06,C,3,Lifestyle,Jeera,M-Casuals,1300,3900,18.86426868,735.7064787,3164.293521
14-04-2021,Wednesday,L07,C,4,Lifestyle,Viva,W-Western,2600,10400,18.71790805,1946.662437,8453.337563
14-04-2021,Wednesday,L08,C,3,Lifestyle,Viva,W-Lounge,1600,4800,19.91592,955.9641599,3844.03584
14-04-2021,Wednesday,L09,C,2,Lifestyle,Jeera,M-Formals,1900,3800,15.55347363,591.0319978,3208.968002
14-04-2021,Wednesday,L10,C,2,Lifestyle,Jeera,M-Shoes,3100,6200,17.4149738,1079.728376,5120.271624
15-04-2021,Thursday,M01,C,13,Mobiles,RealU,RU-10,12100,157300,10.16194042,15984.73228,141315.2677
15-04-2021,Thursday,M02,C,6,Mobiles,RealU,RU-9 Plus,10100,60600,14.68637421,8899.942771,51700.05723
15-04-2021,Thursday,M03,C,4,Mobiles,YouM,YM-99,16100,64400,5.48515667,3532.440896,60867.5591
15-04-2021,Thursday,M04,C,5,Mobiles,YouM,YM-99 Plus,20100,100500,5.466379336,5493.711232,95006.28877
15-04-2021,Thursday,M05,C,3,Mobiles,YouM,YM-98 ,8100,24300,17.25038271,4191.842998,20108.157
15-04-2021,Thursday,M06,C,3,Mobiles,RealU,RU-9,8100,24300,15.84207872,3849.625129,20450.37487
15-04-2021,Thursday,M07,C,3,Mobiles,Sumsang,S-20,49100,147300,6.008199566,8850.077961,138449.922
15-04-2021,Thursday,M08,C,1,Mobiles,Sumsang,S-21,54100,54100,6.642595335,3593.644076,50506.35592
15-04-2021,Thursday,M09,C,3,Mobiles,Orange,O-10,55100,165300,5.425910533,8969.03011,156330.9699
15-04-2021,Thursday,M10,C,2,Mobiles,Orange,O-11,60100,120200,8.440678835,10145.69596,110054.304
15-04-2021,Thursday,F01,C,2,FMCG,Babaji,Babaji Oil ,400,800,18.99927017,151.9941613,648.0058387
15-04-2021,Thursday,F02,C,17,FMCG,Vedic,Vedic Cream,300,5100,19.96534003,1018.232342,4081.767658
15-04-2021,Thursday,F03,C,4,FMCG,Vedic,Vedic Shampoo,390,1560,17.77986523,277.3658975,1282.634102
15-04-2021,Thursday,F04,C,5,FMCG,Babaji,Babaji Shampoo,465,2325,19.52019766,453.8445956,1871.155404
15-04-2021,Thursday,F05,C,7,FMCG,Babaji,Babaji Cream,290,2030,15.77005772,320.1321717,1709.867828
15-04-2021,Thursday,F06,C,4,FMCG,Vedic,Vedic Oil,450,1800,16.33213693,293.9784647,1506.021535
15-04-2021,Thursday,F07,C,3,FMCG,Gear,Gear Oil,500,1500,16.21466376,243.2199563,1256.780044
15-04-2021,Thursday,F08,C,3,FMCG,Gear,Gear Cream,400,1200,15.7222758,188.6673096,1011.33269
15-04-2021,Thursday,F09,C,2,FMCG,Gear,Gear Shampoo,560,1120,19.18500512,214.8720574,905.1279426
15-04-2021,Thursday,F10,C,4,FMCG,Gear,Gear BB Cream,1099,4396,18.68568032,821.4225068,3574.577493
15-04-2021,Thursday,L01,C,10,Lifestyle,Jeera,M- T Shirts,450,4500,16.47799821,741.5099193,3758.490081
15-04-2021,Thursday,L02,C,3,Lifestyle,Jeera,M- Inners,500,1500,16.80302997,252.0454496,1247.95455
15-04-2021,Thursday,L03,C,7,Lifestyle,Viva,W-Casuals,900,6300,17.14752805,1080.294267,5219.705733
15-04-2021,Thursday,L04,C,3,Lifestyle,Viva,W-Inners,1300,3900,16.44261931,641.262153,3258.737847
15-04-2021,Thursday,L05,C,6,Lifestyle,Jeera,M-Jeans,2099,12594,15.0729542,1898.287852,10695.71215
15-04-2021,Thursday,L06,C,2,Lifestyle,Jeera,M-Casuals,1300,2600,15.47568742,402.367873,2197.632127
15-04-2021,Thursday,L07,C,6,Lifestyle,Viva,W-Western,2600,15600,17.05702719,2660.896242,12939.10376
15-04-2021,Thursday,L08,C,2,Lifestyle,Viva,W-Lounge,1600,3200,18.96555018,606.8976058,2593.102394
15-04-2021,Thursday,L09,C,3,Lifestyle,Jeera,M-Formals,1900,5700,16.79301449,957.2018257,4742.798174
15-04-2021,Thursday,L10,C,1,Lifestyle,Jeera,M-Shoes,3100,3100,15.33329983,475.3322948,2624.667705
